site_id,stream_id,bulltrout_present,august_stream_temp,thermal_sensitivity,contributing_area,elevation,gradient,vegetation_cover,patch_id
p10-3-03,1412,0,7.51,0.412957329,1960,1142,1.3,0,10
p10-3-04,1412,0,7.45,0.411746571,1940,1143,1.3,0,10
p10-3-05,1412,0,7.41,0.410820969,1900,1144,1.3,0,10
p10-3-06,1412,0,7.36,0.409702346,1890,1145,1.3,0,10
p10-3-07,1372,0,7.3,0.407710448,1750,1147,1.7,0,10
p10-3-08,1372,0,7.22,0.406395215,1750,1148,1.7,0,10
p10-3-09,1372,1,7.17,0.405417565,1750,1149,1.7,0.000820195,10
p10-3-11,1372,1,7.04,0.465954663,1750,1152,1.7,0.746149,10
p10-3-13,1372,1,6.84,0.467808153,1730,1155,1.7,0.80178,10
p10-3-15,1372,0,6.59,0.425794379,1720,1159,1.7,0.349819,10
p10-3-17,1372,1,6.47,0.402756318,1710,1159,1.7,0.0906936,10
p10-3-19,1372,1,6.35,0.428464101,1700,1163,1.7,0.434633,10
p10-3-21,1372,1,6.25,0.465164613,1680,1168,1.7,0.913384,10
p10-3-22,1372,1,6.2,0.385988431,1670,1170,1.7,0,10
p10-3-23,1372,1,6.15,0.393276812,1670,1173,1.7,0.110804,10
p10-3-25,1372,1,6.08,0.381183747,1650,1177,1.7,0.0052729,10
p10-3-29,1360,1,5.78,0.375108733,1550,1189,4.9,0.0403379,10
p10-3-30,1360,1,5.62,0.369644201,1550,1195,4.9,0.0243227,10
p111-1-12,673,0,4.35,0.388959893,300,1175,8,0.96737,111
p111-1-14,673,0,4.39,0.391108064,310,1169,8,0.971931,111
p111-1-15,673,0,4.42,0.392386963,320,1165,8,0.969428,111
p111-1-16,673,0,4.48,0.3971058,340,1159,8,0.99424,111
p111-1-19,673,0,4.8,0.414005424,360,1126,8,1,111
p111-1-23,673,0,5.09,0.408941192,430,1099,8,0.791413,111
p111-1-25,673,0,5.27,0.435053901,450,1082,8,1,111
p111-1-29,673,0,5.72,0.455478991,490,1042,8,0.997406,111
p111-1-30,673,0,5.84,0.460692609,500,1032,8,0.997407,111
p111-1-35,673,0,6.22,0.476988377,550,998,8,0.991449,111
p111-1-36,673,0,6.29,0.479940817,570,992,8,0.991452,111
p111-1-38,673,0,6.53,0.491225012,580,972,8,1,111
p122-1-03,1309,0,7.94,0.415424473,770,1041,3.1,0.507921,122
p122-1-07,1309,1,7.79,0.36372689,760,1053,3.1,0,122
p122-1-11,1309,0,7.64,0.368521366,740,1065,3.1,0.154033,122
p122-1-14,1309,0,7.53,0.349534805,720,1074,3.1,0,122
p122-1-19,1309,0,7.4,0.363040658,680,1084,3.1,0.239736,122
p122-1-21,1309,0,7.34,0.339989404,660,1088,3.1,0,122
p122-1-24,1309,0,7.26,0.336569777,630,1093,3.1,0,122
p122-1-25,1309,0,7.23,0.334721449,610,1096,3.1,0,122
p122-1-30,1309,0,6.98,0.322349972,560,1117,3.1,0,122
p122-1-31,1309,0,6.94,0.320611329,550,1120,3.1,0,122
p122-1-34,1309,0,6.83,0.314401376,480,1131,3.1,0,122
p122-1-37,1309,0,6.72,0.308409024,460,1142,3.1,0,122
p122-1-45,405,0,6.59,0.29718543,240,1164,4.2,0,122
p122-1-49,405,0,6.45,0.290920188,210,1176,4.2,0,122
p122-1-50,405,0,6.4,0.288809701,200,1180,4.2,0,122
p122-1-59,405,0,5.79,0.325631628,90,1232,4.2,0.7681,122
p2-3-01,1658,0,5.88,0.513287426,3910,795,4,0.023589,2
p2-3-02,1658,1,5.88,0.511691732,3910,795,4,0.00444833,2
p2-3-03,1658,1,5.81,0.567942771,3910,800,4,0.698072,2
p2-3-04,1658,1,5.74,0.510729908,3900,805,4,0.0541976,2
p2-3-05,1658,0,5.69,0.506875168,3890,808,4,0.0264373,2
p2-3-06,1658,0,5.67,0.505262174,3890,811,4,0.0255758,2
p2-3-07,1654,0,6.21,0.541055694,3740,815,2.9,0.470278,2
p2-3-08,1654,0,6.55,0.500626111,3730,817,2.9,0.0051459,2
p2-3-10,1654,0,7.19,0.493535997,3720,829,2.9,0,2
p2-3-13,1654,0,8.13,0.492549143,3670,838,2.9,0.0458224,2
p2-3-14,1654,0,8.47,0.487550773,3650,840,2.9,0,2
p2-3-17,1654,0,9.03,0.483333456,3620,848,2.9,0,2
p2-3-18,1650,0,8.87,0.482742103,2990,850,2.1,0,2
p2-3-19,1646,0,8.82,0.484605753,2900,854,5.6,0.0475637,2
p2-3-21,1646,0,8.68,0.471980418,2890,869,5.6,0,2
p2-3-23,1646,0,8.58,0.467231094,2880,877,5.6,0,2
p32-2-05,1174,0,3.57,0.361654856,570,1032,5.4,1,32
p32-2-07,1214,0,3.53,0.358902903,700,1026,5.3,1,32
p32-2-17,1306,0,3.83,0.381766746,960,968,4,1,32
p32-2-25,1306,0,4.57,0.320375887,1080,940,4,0.0891589,32
p32-2-26,1306,0,4.68,0.39770129,1090,936,4,0.973957,32
p32-2-32,1306,0,5.34,0.395392194,1160,912,4,0.790504,32
p32-2-33,1306,0,5.45,0.407191789,1170,908,4,0.903009,32
p32-2-34,1306,0,5.56,0.350168531,1180,904,4,0.203644,32
p32-2-35,1306,0,5.67,0.359265251,1190,900,4,0.282154,32
p32-2-39,1306,1,6.18,0.39004027,1230,877,4,0.48464,32
p32-2-40,1306,1,6.34,0.438442239,1240,869,4,1,32
p32-2-901,1306,0,4.14,0.388594226,1000,956,4,1,32
p32-2-902,1306,0,4.43,0.388985202,1060,946,4,0.938165,32
p37-2-18,1586,0,2.89,0.368949456,480,1169,6.1,1,37
p37-2-25,1626,0,3.39,0.385284745,650,1135,6,0.98102,37
p37-2-29,1626,0,3.76,0.38932982,680,1108,6,0.855347,37
p37-2-30,1626,0,3.89,0.394924687,690,1098,6,0.855354,37
p37-2-32,1626,0,4.04,0.413181407,710,1087,6,1,37
p37-2-35,1626,0,4.39,0.424565941,760,1059,6,0.951204,37
p37-2-36,1626,0,4.45,0.427287567,770,1054,6,0.951204,37
p37-2-42,1626,0,4.95,0.382185061,830,1015,6,0.165076,37
p37-2-43,1626,0,5.07,0.376030465,840,1005,6,0.0262747,37
p37-2-46,1626,0,5.32,0.426650303,860,988,6,0.510757,37
p37-2-51,1626,0,5.85,0.438109068,910,951,6,0.398864,37
p37-2-52,1626,0,5.94,0.455037586,910,945,6,0.558118,37
p37-2-57,1626,0,6.25,0.467106025,960,927,6,0.578206,37
p38-13,1622,0,6.92,0.44894321,750,880,6.5,0.000225551,38
p38-14,1594,0,5.5,0.415716236,210,1046,8.6,0.708637,38
p38-15,1594,0,6.47,0.502986671,290,936,8.6,1,38
p38-16,1622,0,6.71,0.515177585,720,904,6.5,0.942968,38
p38-17,1594,0,5.67,0.409838989,220,1026,8.6,0.50609,38
p38-18,1622,0,6.94,0.492122204,760,874,6.5,0.469605,38
p38-19,1622,0,6.85,0.498705585,740,888,6.5,0.640814,38
p38-20,1594,0,6.12,0.396927148,270,975,8.6,0.0125659,38
p38-21,1594,0,6.03,0.45001152,260,985,8.6,0.705122,38
p38-22,1594,0,6.34,0.491747355,280,952,8.6,0.976141,38
p40-1-03,821,0,5.13,0.310935807,110,1162,11.4,0.0353775,40
p40-1-06,821,0,4.84,0.293144093,110,1196,11.4,0.0463877,40
p40-1-07,821,0,4.72,0.286210947,100,1209,11.4,0.0499601,40
p40-1-21,833,0,4.24,0.304535943,190,1264,12,0.559101,40
p40-1-34,889,0,5.5,0.319795521,210,1212,11.4,0.00686308,40
p40-1-38,889,0,5.12,0.341940806,140,1250,11.4,0.51282,40
p40-1-40,889,0,4.82,0.304881527,120,1280,11.4,0.27059,40
p40-2-12,1421,1,7.28,0.51206143,1250,968,3.6,0.666665,40
p40-2-13,1421,1,7.28,0.461323668,1240,971,3.6,0.0891445,40
p40-2-18,1421,1,7.08,0.455993144,1190,995,3.6,0.187096,40
p40-2-19,1421,1,7.04,0.446211534,1190,999,3.6,0.0982051,40
p40-2-23,1421,1,6.9,0.465153204,1140,1014,3.6,0.420575,40
p40-2-26,1421,1,6.83,0.458809277,1110,1021,3.6,0.391477,40
p40-2-31,1421,1,6.75,0.452767808,1020,1032,3.6,0.389917,40
p40-2-32,1421,1,6.72,0.434627624,1010,1036,3.6,0.201886,40
p40-2-45,1265,1,6.1,0.44303467,730,1091,5.6,0.744972,40
p40-2-51,1265,1,5.78,0.399659399,640,1119,5.6,0.398292,40
p40-2-53,1265,1,5.64,0.439840947,590,1139,5.6,1,40
p40-2-901,1265,0,5.58,0.43405688,580,1150,5.6,1,40
p41-1-13,777,0,5.19,0.31680997,250,1149,9.6,0.162669,41
p41-1-14,777,0,5.2,0.310584701,240,1153,9.6,0.112867,41
p41-1-15,777,0,5.15,0.296730503,230,1161,9.6,0,41
p41-1-17,777,0,4.98,0.285876463,210,1181,9.6,0,41
p41-1-18,777,0,4.88,0.279875681,210,1192,9.6,0,41
p41-2-06,1333,0,6.58,0.435487957,890,986,3.8,0.500991,41
p41-2-11,1333,0,6.32,0.387050569,860,996,3.8,0,41
p41-2-12,1333,0,6.27,0.386661782,840,998,3.8,0.00951729,41
p41-2-14,1333,0,6.26,0.403850524,810,1004,3.8,0.253227,41
p41-2-16,1333,0,6.19,0.454871028,800,1016,3.8,0.93637,41
p41-2-18,1333,0,6.18,0.451355889,770,1024,3.8,0.947949,41
p41-2-19,1333,0,6.17,0.433382194,740,1027,3.8,0.756452,41
p41-2-30,1333,0,5.34,0.395020192,630,1068,3.8,0.576815,41
p41-2-35,1333,0,5.13,0.418606279,540,1090,3.8,0.997539,41
p41-2-36,1333,0,5.14,0.416523939,500,1094,3.8,0.997539,41
p41-2-38,1333,0,5.08,0.403945945,490,1110,3.8,0.952004,41
p41-2-39,1333,0,5.09,0.393951872,480,1115,3.8,0.865168,41
p43-1-119,197,0,7.35,0.442870127,90,1094,3.6,1,43
p43-1-125,860,0,7.33,0.437647911,1270,1099,2.6,0.978049,43
p43-1-147,860,0,7.1,0.432990341,790,1133,2.6,1,43
p43-1-170,860,0,6.51,0.387556203,270,1191,2.6,0.713692,43
p43-1-80,157,0,7.36,0.445931724,310,1087,6.4,1,43
p43-1-901,860,1,6.93,0.427493904,570,1151,2.6,1,43
p43-1-902,860,0,7.29,0.438017778,1140,1105,2.6,1,43
p43-1-903,860,0,7.35,0.440700243,1300,1095,2.6,1,43
p43-2-02,1789,0,9.05,0.398503091,3240,1039,1.1,0.289146,43
p43-2-06,1789,0,8.79,0.433670852,3190,1044,1.1,0.729924,43
p43-2-09,1785,0,8.58,0.380037991,3070,1048,1.2,0.10935,43
p43-2-12,1785,0,8.37,0.453967116,3050,1053,1.2,1,43
p43-2-18,1785,0,7.99,0.401384034,2930,1059,1.2,0.393212,44
p43-2-25,1781,0,7.5,0.369388555,2680,1067,1.3,0.0333346,43
p43-2-26,1777,0,7.49,0.384730399,2590,1068,1.5,0.219168,43
p43-2-31,1773,0,7.45,0.366961591,1980,1076,0.7,0.0476276,43
p43-2-32,1765,0,7.45,0.447820356,1650,1077,1.5,1,43
p43-2-37,1765,0,7.4,0.394737891,1620,1085,1.5,0.424077,43
p43-2-40,1765,0,7.37,0.4345903,1600,1090,1.5,0.924406,43
p44-1-09,745,0,3.43,0.27780676,200,1217,7,1,44
p44-1-15,745,0,3.17,0.259174239,150,1255,7,0.990614,44
p44-1-16,745,0,3.14,0.25679523,140,1260,7,0.988285,44
p44-1-17,745,0,3.04,0.252133455,130,1271,7,0.997646,44
p44-1-43,1353,0,4.75,0.22507863,1380,998,5.1,0.117569,44
p44-2-08,1161,0,3.62,0.229168743,520,1205,4,1,44
p44-2-12,1161,0,3.87,0.2363167,560,1187,4,1,44
p44-2-15,1245,0,4.05,0.227535308,680,1179,2.8,1,44
p44-2-33,1353,0,4.37,0.241620545,1110,1112,5.1,1,44
p44-2-37,1353,0,4.46,0.253161735,1180,1088,5.1,1,44
p44-2-41,1353,1,4.6,0.263863102,1230,1060,5.1,0.96208,44
p44-2-44,1353,0,4.62,0.274707501,1290,1045,5.1,1,44
p44-2-46,1353,1,4.71,0.28394975,1300,1028,5.1,1,44
p44-2-50,1353,1,4.77,0.295719243,1360,1006,5.1,1,44
p44-2-52,1353,1,4.76,0.250081754,1380,999,5.1,0.417685,44
p44-2-59,1537,1,4.96,0.278756502,1590,982,4.5,0.560175,44
p44-2-60,1537,1,5,0.310658474,1600,979,4.5,0.916841,44
p44-2-61,1537,1,5.09,0.278397335,1600,971,4.5,0.483698,44
p44-2-69,1537,1,5.69,0.268754241,1650,922,4.5,0.0417701,44
p44-2-901,1065,0,3.52,0.247533068,310,1209,5,0.846641,44
p45-1-24,253,0,5.52,0.271063626,360,1210,6.1,1,45
p45-1-26,253,0,5.41,0.26067587,340,1230,6.1,1,45
p45-1-32,253,0,5.35,0.181501059,200,1263,6.1,0.270804,45
p45-1-901,253,0,5.52,0.252072418,450,1198,6.1,0.713906,45
p45-1-902,253,0,5.43,0.255495268,250,1241,6.1,1,45
p45-2-05,1545,1,6.18,0.327841751,1290,986,3.2,0.0658621,45
p45-2-10,1545,1,5.63,0.382059444,1250,997,3.2,0.819837,45
p45-2-12,1545,1,5.47,0.393197157,1240,1002,3.2,1,45
p45-2-20,1509,1,5.01,0.347446582,1030,1029,3.5,1,45
p45-2-28,253,1,4.88,0.341669452,820,1060,6.1,0.998709,45
p45-2-29,253,1,4.85,0.293331398,800,1065,6.1,0.459433,45
p45-2-36,253,1,5.03,0.319025255,710,1104,6.1,1,45
p45-2-40,253,1,5.28,0.310351593,670,1122,6.1,1,45
p45-2-49,253,0,5.5,0.259454658,480,1177,6.1,0.687244,45
p45-2-51,253,0,5.56,0.279341838,460,1185,6.1,0.957648,45
p45-2-52,253,0,5.53,0.2504535,450,1194,6.1,0.671591,45
p46-2-06,1061,0,4.56,0.452944514,270,1198,4,1,46
p46-2-14,1189,0,4.63,0.481816891,520,1174,2.4,1,46
p46-2-28,1341,0,4.83,0.476642993,880,1123,4.2,0.434974,46
p46-2-31,1341,0,4.9,0.492338218,910,1110,4.2,0.497546,46
p46-2-33,1341,0,4.92,0.540333675,930,1104,4.2,1,46
p46-2-37,1341,0,5,0.552615318,980,1088,4.2,1,46
p46-2-39,1473,0,4.9,0.50873491,1140,1082,2.9,0.382919,46
p46-2-41,1473,0,4.99,0.561774132,1160,1078,2.9,0.957668,46
p46-2-44,1473,0,5.36,0.552301897,1180,1067,2.9,0.737136,46
p46-2-46,1473,0,5.61,0.580263068,1190,1060,2.9,1,46
p46-2-902,1341,0,4.85,0.47877654,890,1120,4.2,0.435135,46
p47-2-05,1057,0,4.29,0.467128487,230,1231,5.1,0.983071,47
p47-2-06,1057,0,4.32,0.471102812,230,1225,5.1,0.983074,47
p47-2-07,1057,0,4.33,0.472427057,280,1221,5.1,0.964881,47
p47-2-08,1057,0,4.36,0.475664135,290,1216,5.1,0.964886,47
p47-2-09,1057,0,4.36,0.478026233,300,1213,5.1,0.969327,47
p47-2-10,1057,0,4.37,0.4799573,310,1210,5.1,0.969326,47
p47-2-11,1057,0,4.37,0.48395348,330,1207,5.1,0.995077,47
p47-2-12,1057,0,4.36,0.48309616,340,1205,5.1,0.968007,47
p47-2-13,1057,0,4.36,0.42858206,350,1202,5.1,0.302852,47
p47-2-14,1057,0,4.39,0.469766934,360,1198,5.1,0.75813,47
p47-2-15,1057,0,4.43,0.422909297,370,1194,5.1,0.174702,47
p47-2-18,1057,0,4.64,0.505411803,390,1175,5.1,1,47
p47-2-21,1057,0,4.9,0.520554861,410,1152,5.1,0.990161,47
p47-2-22,1057,0,4.92,0.518412862,420,1150,5.1,0.941474,47
p47-2-23,1057,0,4.96,0.450237146,430,1147,5.1,0.106839,47
p47-2-25,1057,0,5.09,0.534468341,440,1135,5.1,0.997471,47
p47-2-28,1057,0,5.41,0.51789018,460,1106,5.1,0.574658,47
p48-01,925,0,5.3,0.408724105,100,1106,13.8,0.877386,48
p48-03,1005,0,5.39,0.412580507,150,1126,10.3,1,48
p48-08,1005,0,5.05,0.330885721,130,1153,10.3,0.21492,48
p48-12,1489,1,6.6,0.450081202,1430,936,3.3,0,48
p48-13,1489,0,6.89,0.472692144,1560,896,3.3,0,48
p48-14,1289,0,6.16,0.383728755,840,1091,3.3,0.252157,48
p48-15,1349,1,6.34,0.460400057,1180,1005,4.2,0.596362,48
p48-16,1489,1,6.59,0.448920046,1430,938,3.3,0,48
p48-17,1181,0,5.49,0.33740651,440,1142,8.8,0.0915459,48
p48-18,1349,0,6.14,0.453513915,950,1082,4.2,1,48
p48-19,1349,1,6.25,0.485741718,1160,1021,4.2,1,48
p48-20,1489,1,6.79,0.464131534,1530,914,3.3,0.0113742,48
p48-21,1181,0,5.42,0.353733079,430,1149,8.8,0.32781,48
p48-22,1349,1,6.21,0.465688777,990,1059,4.2,1,48
p48-23,1489,1,6.35,0.504563313,1320,989,3.3,1,48
p48-901,1001,0,4.98,0.387421129,120,1173,10.8,1,48
p48-902,1001,0,4.82,0.379845973,110,1187,10.8,1,48
p48-903,1349,1,6.36,0.497420861,1190,1000,4.2,1,48
p52-1-02,133,0,4.71,0.313632127,90,1300,10.3,0.99858,52
p52-1-04,133,0,4.93,0.249807474,110,1274,10.3,0.056699,52
p52-1-06,133,0,5.08,0.340209327,130,1255,10.3,0.988789,52
p52-1-07,133,0,5.16,0.345947901,140,1245,10.3,0.98644,52
p52-1-08,133,0,5.26,0.350227255,140,1235,10.3,0.96429,52
p52-1-10,1033,0,5.16,0.344988497,200,1228,5.5,0.966652,52
p52-1-12,1033,0,5.09,0.328480553,190,1239,5.5,0.86982,52
p52-1-17,97,0,5.23,0.310019313,70,1266,5.3,0.67315,52
p52-2-02,1137,1,5.79,0.309590014,470,1151,5,0.0324184,52
p52-2-03,1137,1,5.73,0.358468281,460,1153,5,0.63797,52
p52-2-04,1137,1,5.67,0.38244745,450,1156,5,0.954692,52
p52-2-05,1137,1,5.55,0.365662255,450,1164,5,0.826759,52
p52-2-06,1137,1,5.44,0.321391863,440,1170,5,0.361384,52
p52-2-07,1137,1,5.31,0.369422615,430,1175,5,0.976954,52
p52-2-08,1137,1,5.21,0.286114787,410,1178,5,0.0318451,52
p52-2-09,1137,1,5.15,0.314634618,410,1180,5,0.395676,52
p52-2-10,1137,1,5.14,0.310355284,400,1184,5,0.382629,52
p55-2-02,1049,0,5.23,0.46041087,260,1298,7.3,0.957648,55
p55-2-03,1049,0,5.2,0.463920852,270,1292,7.3,0.955295,55
p55-2-04,1049,0,5.16,0.471218032,280,1286,7.3,0.997617,55
p55-2-05,1049,0,5.11,0.411552036,280,1280,7.3,0.25019,55
p55-2-06,1049,0,5.1,0.450842603,290,1273,7.3,0.663348,55
p55-2-07,1049,0,5.08,0.484254293,290,1265,7.3,1,55
p55-2-08,1049,0,5.09,0.489087052,300,1254,7.3,0.979708,55
p55-2-09,1049,0,5.11,0.495018823,300,1244,7.3,0.979725,55
p55-2-11,1049,0,5.08,0.481528223,310,1231,7.3,0.728539,55
p55-2-12,1213,0,4.8,0.49745827,390,1227,5.8,0.861499,55
p55-2-13,1213,0,4.76,0.440302114,390,1223,5.8,0.15921,55
p55-2-14,1213,0,4.75,0.516117528,390,1215,5.8,0.997617,55
p55-2-15,1584,0,4.16,0.512805293,610,1207,3.9,0.842681,55
p55-2-17,1584,0,4.09,0.53286481,620,1195,3.9,0.997629,55
p55-2-18,1584,0,4.05,0.536237744,620,1189,3.9,0.997618,55
p55-2-19,1584,0,4.03,0.537190389,620,1178,3.9,0.935481,55
p55-2-20,1584,0,3.98,0.468491716,640,1173,3.9,0.0921934,55
p55-2-21,1584,0,3.92,0.505798658,680,1167,3.9,0.49194,55
p55-2-22,1584,0,3.85,0.54069391,700,1162,3.9,0.869789,55
p55-2-26,1584,0,3.77,0.556275955,710,1153,3.9,0.995087,55
p56-1-11,13,0,6.15,0.4871408,270,1259,2.8,0.998544,56
p56-1-12,13,0,6.21,0.429484601,270,1256,2.8,0.294736,56
p56-1-14,13,0,6.33,0.492441458,310,1248,2.8,0.976554,56
p56-1-15,13,0,6.4,0.49530528,310,1244,2.8,0.979722,56
p56-1-16,13,0,6.45,0.497294239,320,1241,2.8,0.979727,56
p56-2-03,1592,0,6.65,0.497536806,460,1235,3.4,0.892308,56
p56-2-04,1592,0,6.71,0.498914564,470,1232,3.4,0.885638,56
p56-2-06,1592,0,6.81,0.509312196,490,1227,3.4,0.970159,56
p56-2-07,1592,0,6.85,0.430868287,490,1226,3.4,0.0365138,56
p56-2-09,1592,0,7,0.512142686,500,1216,3.4,0.924362,56
p56-2-10,1592,0,7.07,0.520085425,520,1212,3.4,0.989569,56
p56-2-12,1592,0,7.28,0.48879873,530,1201,3.4,0.544914,56
p58-1-03,900,0,7.58,0.527920885,160,1121,6.6,1,58
p58-1-09,900,1,7.05,0.466213228,140,1168,6.6,0.627801,58
p58-1-113,704,0,8.25,0.558958645,300,1175,6.4,0.954547,58
p58-1-70,804,1,5.37,0.354217523,270,1273,3.8,0.688962,58
p58-1-77,804,1,4.78,0.360546359,190,1299,3.8,1,58
p58-1-79,804,0,4.76,0.35707289,120,1303,3.8,1,58
p58-1-901,804,0,4.89,0.343841312,220,1293,3.8,0.745592,58
p58-2-02,1384,0,7.73,0.465591845,2540,1102,1.5,0.00478735,58
p58-2-23,1344,0,7.76,0.521610488,2190,1132,1.6,1,58
p58-2-34,1228,1,7.63,0.403815619,1260,1155,2.5,0.212812,58
p58-2-36,1228,1,7.61,0.413282398,1190,1158,2.5,0.360732,58
p58-2-40,1228,0,7.53,0.42889655,1140,1168,2.5,0.64654,58
p58-2-43,1228,1,7.45,0.382965836,1120,1178,2.5,0.204993,58
p58-2-45,1228,1,7.41,0.403724099,1090,1183,2.5,0.503214,58
p58-2-50,1228,1,6.91,0.390071972,1040,1198,2.5,0.494243,58
p58-2-60,1156,1,5.67,0.367192194,870,1216,2.3,0.410471,58
p58-2-901,1344,0,7.45,0.495580688,2330,1115,1.6,0.515799,58
p58-2-902,1344,0,7.83,0.476563909,2180,1137,1.6,0.51876,58
p58-2-903,1344,0,7.89,0.476477736,2170,1140,1.6,0.549368,58
p58-2-904,1228,1,7.46,0.378335312,1120,1176,2.5,0.129905,58
p58-2-905,1228,1,7.45,0.366150436,1120,1178,2.5,0.00403343,58
p58-2-906,1228,1,6.83,0.37325662,1040,1199,2.5,0.309648,58
p58-2-907,1004,0,3.71,0.380099939,350,1250,4.1,0.753979,58
p58-2-908,1132,1,5.02,0.335753461,750,1230,3.2,0.148506,58
p61-2-03,1284,1,5.59,0.318366906,1090,1214,3.1,0.0335182,61
p61-2-04,1284,1,5.53,0.315573019,1090,1219,3.1,0.0382813,61
p61-2-08,1284,1,5.32,0.307210226,1040,1233,3.1,0.0484969,61
p61-2-11,1284,1,5.24,0.329484326,1020,1239,3.1,0.363874,61
p61-2-15,1284,1,5.13,0.37401756,930,1253,3.1,1,61
p61-2-18,1284,1,5.16,0.366738858,890,1264,3.1,0.999892,61
p61-2-20,1284,0,5.19,0.343287268,880,1269,3.1,0.766733,61
p61-2-22,1148,0,5.07,0.314769503,770,1275,2.1,0.541769,61
p61-2-24,1148,0,4.89,0.26464676,760,1283,2.1,0.0141428,61
p61-2-25,1148,0,4.82,0.311666107,760,1285,2.1,0.586584,61
p61-2-29,1148,0,4.57,0.275764455,710,1293,2.1,0.223341,61
p61-2-30,1148,0,4.51,0.259572409,690,1294,2.1,0.0398172,61
p61-2-36,1148,0,3.99,0.272420641,580,1311,2.1,0.313498,61
p61-2-42,1116,0,3.58,0.261757402,450,1316,2.5,0.180545,61
p61-2-44,1000,0,3.35,0.271849422,290,1321,3,0.233588,61
p61-2-901,1148,0,4.39,0.289293899,670,1298,2.1,0.418654,61
p61-2-902,1148,0,4.34,0.334308247,590,1303,2.1,0.982096,61
p6-3-06,1609,1,7.37,0.54155837,2520,1085,1.7,0.204952,6
p6-3-07,1609,1,7.48,0.52540886,2530,1083,1.7,0.0123838,6
p6-3-08,1617,1,7.68,0.588119349,2730,1081,2.1,0.712023,6
p6-3-13,1617,1,8.29,0.587625356,2780,1068,2.1,0.681261,6
p6-3-14,1617,0,8.44,0.575455743,2790,1064,2.1,0.523872,6
p6-3-20,1617,0,9.11,0.553727248,2870,1055,2.1,0.262203,6
p6-3-23,1645,1,8.14,0.599487389,4080,1052,1.9,0.611057,6
p6-3-27,1645,0,8.22,0.550753017,4130,1045,1.9,0.0182006,6
p6-3-37,1657,0,8.45,0.561376373,4520,1024,2,0.113353,6
p6-3-38,1657,0,8.44,0.63517915,4550,1023,2,0.988219,6
p6-3-42,1657,0,8.4,0.557059443,4600,1017,2,0.0728839,6
p6-3-43,1657,0,8.39,0.56847642,4610,1015,2,0.205996,6
p6-3-48,1657,0,8.36,0.633174097,4680,1003,2,0.953979,6
p6-3-49,1657,0,8.33,0.633209389,4690,1001,2,0.953987,6
p6-3-52,1657,1,8.26,0.578240364,4700,993,2,0.285863,6
p66-03,604,0,5.13,0.391330936,130,1284,5.1,0.422754,66
p66-06,504,0,5.18,0.356135496,100,1277,4.5,0.0460667,66
p66-13,1076,0,5.62,0.419864533,280,1241,5.7,0.288058,66
p66-15,1108,1,5.83,0.415004839,380,1225,4,0.0145151,66
p66-16,1108,0,6.02,0.469464557,390,1209,4,0.529344,66
p66-18,1108,1,5.95,0.492958758,380,1215,4,0.857093,66
p66-20,1108,1,5.72,0.464332163,370,1234,4,0.670442,66
p66-21,1108,1,5.99,0.453130641,1530,1205,4,0.305251,66
p66-22,1108,0,5.87,0.454599024,380,1222,4,0.459372,66
p66-23,1076,0,5.33,0.464822529,260,1264,5.7,1,66
p68-01,812,0,5.63,0.422276118,110,1274,7.3,0.42509,68
p68-03,828,0,7.09,0.446611644,70,1161,1,0,68
p68-04,728,0,3.2,0.386171577,130,1356,8.8,0.589091,68
p68-05,812,0,6.85,0.52743164,160,1177,7.3,1,68
p68-06,828,0,7.21,0.537378167,100,1153,1,1,68
p68-07,812,0,5.87,0.481806028,120,1255,7.3,1,68
p68-08,812,0,6.11,0.433113765,130,1235,7.3,0.285444,68
p68-10,728,0,2.93,0.335028453,90,1400,8.8,0.285905,68
p68-11,728,0,3.47,0.45085241,170,1306,8.8,1,68
p68-12,1088,0,5.05,0.486871402,600,1208,3.9,0.593293,68
p68-13,1088,0,4.06,0.502633388,460,1236,3.9,1,68
p68-14,1088,0,2.96,0.421703714,310,1294,3.9,0.48913,68
p68-15,1308,0,6.99,0.541170786,840,1159,1.4,0.840418,68
p68-16,1088,0,5.99,0.53786472,640,1182,3.9,1,68
p68-17,1088,0,3.24,0.483812806,420,1265,3.9,1,68
p68-18,1088,0,4.19,0.505335106,460,1232,3.9,1,68
p68-19,1088,0,5.8,0.536352126,620,1184,3.9,1,68
p68-20,1332,0,7.55,0.559263284,1000,1153,0.1,1,68
p68-21,1308,0,6.9,0.540071393,840,1161,1.4,0.840419,68
p68-22,1332,0,7.66,0.558630159,1050,1153,0.1,0.999943,68
p71-901,1252,0,7.12,0.516674955,1080,1213,3.5,0.00836175,71
p7-3-02,1369,0,7.53,0.464057546,950,1009,2.8,0.146766,7
p7-3-03,1269,0,7.32,0.492357611,780,1014,3.3,0.513847,7
p7-3-04,1269,0,7.23,0.451522078,780,1019,3.3,0.0637953,7
p7-3-05,1269,0,7.11,0.492456821,770,1022,3.3,0.564681,7
p7-3-06,1269,0,7,0.456461616,770,1024,3.3,0.154074,7
p7-3-07,1269,0,6.87,0.442616742,760,1028,3.3,0.0128244,7
p7-3-09,1269,0,6.68,0.442875366,750,1031,3.3,0.0236652,7
p7-3-10,1269,0,6.55,0.523277141,750,1034,3.3,0.979708,7
p7-3-12,1193,0,6.14,0.515035628,540,1045,4.2,0.951211,7
p7-3-14,1193,0,5.93,0.508856377,530,1056,4.2,0.960253,7
p7-3-15,1193,0,5.87,0.462576425,530,1058,4.2,0.425888,7
p7-3-16,1193,0,5.81,0.487257242,510,1060,4.2,0.726138,7
p7-3-17,1193,0,5.69,0.427878994,510,1067,4.2,0.0771997,7
p7-3-18,1193,0,5.6,0.48492207,510,1072,4.2,0.787354,7
p9-3-05,1596,0,7.96,0.614956142,1640,1181,2.5,1,9
p9-3-06,1596,0,7.97,0.615659928,1650,1179,2.5,0.994532,9
p9-3-07,1596,0,7.99,0.617372679,1650,1176,2.5,0.994532,9
p9-3-10,1596,0,8.11,0.575651595,1700,1166,2.5,0.436611,9
p9-3-19,1612,0,8.49,0.555088768,1860,1153,0.1,0.11941,9
p9-3-27,1624,0,7.59,0.556232087,2960,1153,0.1,0.15412,9
p9-3-34,1636,0,8.35,0.550618348,4240,1153,2.2,0.0764516,9
p9-3-39,1640,0,8.19,0.558534053,4510,1141,2.6,0.0824405,9
p9-3-42,1640,0,8.32,0.554248956,4550,1134,2.6,1.63E-05,9
p9-3-45,1640,0,8.27,0.569927721,4570,1123,2.6,0.13129,9
p9-3-53,1644,0,7.93,0.64536061,4720,1107,2,0.983752,9
p9-3-57,1644,0,7.6,0.567697227,4760,1097,2,0.0263753,9
p9-3-64,1644,1,6.92,0.568826314,4830,1084,2,0.0079136,9
p9-3-70,1829,0,6.4,0.644549072,4960,1073,1.9,0.889804,9
p9-3-71,1829,1,6.39,0.577695798,4980,1068,1.9,0.0793589,9
p9-3-72,1829,1,6.46,0.645704595,5010,1064,1.9,0.865476,9
p9-3-75,1829,1,6.62,0.575548663,5060,1060,1.9,0.0403053,9
p9-3-902,1628,0,8.13,0.599863883,3140,1153,0.1,0.685425,9
p9-3-903,1612,0,8.49,0.545995668,1860,1153,0.1,0.0123454,9
